﻿Designator,Footprint,Quantity,Value,LCSC Part #
A1,Adafruit_Feather,1,Adafruit_Feather_Generic,
C1,R_Axial_DIN0204_L3.6mm_D1.6mm_P2.54mm_Vertical,1,1000uF,
"D1, D10, D11, D13, D14, D15, D16, D17, D18, D19, D2, D3, D4, D5, D6, D7, D8, D9",D_DO-35_SOD27_P7.62mm_Horizontal,18,D_Small,
"D12, D21, D22, D23, D24, D25, D26, D27, D28, D29, D30, D31, D32, D33, D34, D35, D36",SK6812-MINI-E,17,SK6812MINI,
J1,PinHeader_1x04_P2.54mm_Vertical,1,Conn_01x04,
R1,R_Axial_DIN0207_L6.3mm_D2.5mm_P7.62mm_Horizontal,1,500,
"SW1, SW10, SW11, SW13, SW14, SW15, SW16, SW17, SW19, SW2, SW3, SW4, SW5, SW6, SW7, SW8, SW9",Kailh-PG1353-Hotswap-1U,17,SW_Push,
