﻿Designator,Footprint,Quantity,Value,LCSC Part #
A1,Adafruit_Feather,1,Adafruit_Feather_Generic,
C1,R_Axial_DIN0204_L3.6mm_D1.6mm_P2.54mm_Vertical,1,C_Small,
"D1, D10, D11, D12, D13, D14, D15, D16, D17, D18, D19, D2, D20, D21, D22, D23, D24, D25, D26, D27, D28, D29, D3, D30, D31, D32, D33, D34, D35, D36, D37, D38, D39, D40, D41, D42, D43, D44, D45, D46, D47, D48, D49, D5, D50, D51, D52, D53, D54, D55, D56, D57, D58, D59, D6, D60, D61, D7, D8, D9",D_DO-35_SOD27_P7.62mm_Horizontal,60,D_Small,
J1,PinHeader_1x04_P2.54mm_Vertical,1,Conn_01x04,
"LED0, LED10, LED11, LED12, LED13, LED14, LED15, LED16, LED17, LED18, LED19, LED2, LED20, LED23, LED24, LED25, LED26, LED27, LED28, LED29, LED3, LED30, LED31, LED32, LED33, LED34, LED37, LED38, LED39, LED4, LED40, LED41, LED42, LED43, LED44, LED45, LED46, LED47, LED48, LED5, LED51, LED52, LED53, LED54, LED55, LED56, LED57, LED59, LED6, LED60, LED61, LED63, LED66, LED67, LED68, LED7, LED70, LED8, LED9",SK6812-MINI-E,59,SK6812MINI,
R1,R_Axial_DIN0207_L6.3mm_D2.5mm_P7.62mm_Horizontal,1,R_Small,
"SW1, SW10, SW11, SW12, SW13, SW14, SW15, SW16, SW17, SW18, SW19, SW20, SW21, SW22, SW23, SW24, SW25, SW26, SW27, SW28, SW29, SW3, SW30, SW31, SW32, SW33, SW34, SW35, SW36, SW37, SW38, SW39, SW4, SW40, SW41, SW42, SW43, SW44, SW45, SW46, SW47, SW48, SW49, SW5, SW50, SW51, SW52, SW53, SW54, SW55, SW56, SW57, SW58, SW59, SW6, SW60, SW61, SW7, SW8, SW9",Kailh-PG1353-Hotswap-1U,60,SW_Push,
